{"last_train_loss": 0.6074511122703552, "last_val_loss": 0.04527279398404062, "last_mean_lploss": 0.045272793620824814, "last_mean_lploss_x": 0.040942225605249405, "last_mean_lploss_y": 0.07984383404254913}