{"best_val_loss": 0.735547103881836, "train_losses": [32.39806600717398, 30.83074533022367, 30.331319148723896, 29.351799891545223, 26.99346689077524, 25.490227185762844, 24.695179865910458, 22.409336823683518, 22.49342155456543, 22.250841727623573, 18.10265695131742, 14.86445977137639, 14.046076921316294, 15.549703157865084, 17.42594704261193, 15.197464539454533, 18.820801148047813, 19.380715663616474, 15.10727075430063, 13.621642222771278, 12.964476071871244, 13.809520427997295, 9.99419061954205, 8.777087505047138, 9.131276240715614, 9.543318968552809, 9.29928944661067, 8.993468944842999, 7.1276226960695706, 6.786842529590313, 6.789602591441228, 4.947281433985784, 4.4376669847048245, 3.889802932739258, 4.077470485980694, 4.512339234352112, 4.110038959063017, 4.487675886887771, 4.492964542829073, 4.447601116620577, 4.603748780030471, 2.9697982531327467, 2.592345246901879, 2.548018822303185, 2.664850409214313, 2.679435684130742, 2.6262109646430383, 2.3411445159178514, 2.4512887459534864, 2.3650473081148586, 2.6329544874338002, 1.965501042512747, 1.864603606554178, 1.771476461337163, 1.7867098496510432, 1.7064901682046743, 1.7359562241114104, 1.8630319283558772, 1.7726979897572444, 1.7668560926730816, 1.5429785435016339, 1.4554205170044532, 1.4369271856087904, 1.4215155014624963, 1.4349466745670025, 1.435076511823214, 1.4175114677502558, 1.3898620559619024, 1.398997691961435, 1.4299298479006841, 1.3892312898085668, 1.3131591861064618, 1.2928389356686518, 1.2852952755414522, 1.2784742025228648, 1.2724913725486169, 1.264473089805016, 1.261203903418321, 1.2628385699712312, 1.2658023925927968, 1.2558827904554515, 1.229435104590196, 1.2235541297839239, 1.220088087595426, 1.217690850679691, 1.2145263758989482, 1.2118883728981018, 1.2084534122393682, 1.2065559671475337, 1.2035532226929297, 1.1999009274519408, 1.1941754084367018, 1.1923946371445289, 1.1907305144346678, 1.1893012202703035, 1.187927796290471, 1.1864507702680736, 1.1850050962888277, 1.1834535140257616, 1.1820730842076814, 1.1794348840530102, 1.1777512316520398, 1.1769162049660316, 1.1763427532636201, 1.175483368910276, 1.1747880417567034, 1.1739863019723158, 1.1732665575467622, 1.1724448983485882, 1.1717206606498132, 1.1704244819971232, 1.1696309538987966, 1.169219250862415, 1.1689496475916643, 1.1685076791506548, 1.1681282749542823, 1.1677028995293837, 1.1673037455632136, 1.1668838927379022, 1.1664858781374419, 1.1659038204413195, 1.1655202553822444, 1.1653124116934264, 1.1651724806198707, 1.164934685597053, 1.1647512775201063, 1.1645247707000146, 1.1643192584698017], "val_losses": [0.9984661102294922, 0.9933110046386718, 0.9837496185302734, 0.9666177368164063, 0.9652447509765625, 0.9472674560546875, 0.9960109710693359, 0.9306214141845703, 0.9800601196289063, 0.8706137084960938, 0.8974958038330079, 0.8102264404296875, 0.8465315246582031, 0.7945597076416016, 0.8263299560546875, 0.8437828063964844, 0.9220051574707031, 0.8907379150390625, 0.847822036743164, 0.8236228942871093, 0.8029066467285156, 0.8078366088867187, 0.7721481323242188, 0.7835018920898438, 0.7731414794921875, 0.7542984008789062, 0.7862405395507812, 0.766656265258789, 0.735547103881836, 0.7542295837402344, 0.7470306396484375, 0.7425198364257812, 0.7422418212890625, 0.7402600860595703, 0.742120132446289, 0.740179672241211, 0.7467550659179687, 0.7409040832519531, 0.7444224548339844, 0.746523666381836, 0.7458648681640625, 0.7376194763183593, 0.7379385375976563, 0.7387761688232422, 0.7388778686523437, 0.7363798522949219, 0.7388213348388671, 0.7376766967773437, 0.7366059875488281, 0.7406599426269531, 0.7379389953613281, 0.7375531768798829, 0.7366521453857422, 0.7367562866210937, 0.7371487426757812, 0.7370530700683594, 0.7375083923339844, 0.7375331115722656, 0.7374152374267579, 0.7370736694335938, 0.7372578430175781, 0.7373419189453125, 0.7371817016601563, 0.7371321105957032, 0.7374787902832032, 0.7373193359375, 0.7370913696289062, 0.7374005126953125, 0.7373007202148437, 0.7373176574707031, 0.7373896789550781, 0.7372615051269531, 0.7374655151367188, 0.7373025512695313, 0.7374674987792968, 0.7373149108886718, 0.7374832153320312, 0.7374038696289062, 0.7374383544921875, 0.7374870300292968, 0.7374336242675781, 0.7374818420410156, 0.7374405670166015, 0.7374868774414063, 0.7374562835693359, 0.7375056457519531, 0.7374632263183594, 0.7375193786621094, 0.7374919128417968, 0.7375189208984375, 0.7375018310546875, 0.7375116729736328, 0.7375186157226562, 0.7375211334228515, 0.7375297546386719, 0.7375239562988282, 0.7375405883789062, 0.7375289154052734, 0.7375482177734375, 0.7375347900390625, 0.7375515747070313, 0.7375450134277344, 0.7375529479980468, 0.7375477600097656, 0.7375587463378906, 0.7375494384765625, 0.7375635528564453, 0.7375525665283204, 0.7375685119628906, 0.7375547790527344, 0.7375667572021485, 0.7375649261474609, 0.737567138671875, 0.73756591796875, 0.7375700378417969, 0.7375673675537109, 0.7375720977783203, 0.7375690460205078, 0.737574462890625, 0.73757080078125, 0.7375747680664062, 0.7375739288330078, 0.73757568359375, 0.7375745391845703, 0.737576904296875, 0.7375752258300782, 0.7375780487060547, 0.7375761413574219, 0.7375791931152343], "mean_rel_errors": [