{"last_train_loss": 3.408774412595309, "last_val_loss": 0.1403627557307482, "last_mean_lploss": 0.14036273956298828, "last_mean_lploss_x": 0.1247621700167656, "last_mean_lploss_y": 0.23447637259960175}